{"cameraMode":{"drawMode":0,"name":"Shaded","section":"Shading Mode"},"sceneLighting":true,"audioPlay":false,"sceneViewState":{"m_AlwaysRefresh":false,"showFog":true,"showSkybox":true,"showFlares":true,"showImageEffects":true,"showParticleSystems":true,"showVisualEffectGraphs":true,"m_FxEnabled":true},"in2DMode":false,"pivot":{"x":-1.9600489139556885,"y":1.5122911930084229,"z":11.662618637084961},"rotation":{"x":0.05420824885368347,"y":-0.6370254158973694,"z":-0.044984497129917148,"w":-0.7676433324813843},"size":2.4391188621520998,"orthographic":false}