{"cameraMode":{"drawMode":0,"name":"Shaded","section":"Shading Mode"},"sceneLighting":false,"audioPlay":false,"sceneViewState":{"m_AlwaysRefresh":false,"showFog":true,"showSkybox":false,"showFlares":true,"showImageEffects":true,"showParticleSystems":true,"showVisualEffectGraphs":true,"m_FxEnabled":true},"in2DMode":false,"pivot":{"x":0.00953531265258789,"y":1.3065075874328614,"z":0.0025550127029418947},"rotation":{"x":0.12118716537952423,"y":-0.01548644807189703,"z":0.0018907496705651284,"w":0.9925104379653931},"size":0.8660253882408142,"orthographic":false}