{"cameraMode":{"drawMode":0,"name":"Shaded","section":"Shading Mode"},"sceneLighting":false,"audioPlay":false,"sceneViewState":{"m_AlwaysRefresh":false,"showFog":true,"showSkybox":false,"showFlares":true,"showImageEffects":true,"showParticleSystems":true,"showVisualEffectGraphs":true,"m_FxEnabled":true},"in2DMode":false,"pivot":{"x":-0.13721370697021485,"y":0.71672123670578,"z":0.026002883911132814},"rotation":{"x":-0.0006768084713257849,"y":0.9978668093681336,"z":-0.06445178389549256,"w":-0.010478263720870018},"size":2.6156044006347658,"orthographic":false}