{"cameraMode":{"drawMode":0,"name":"Shaded","section":"Shading Mode"},"sceneLighting":false,"audioPlay":false,"sceneViewState":{"m_AlwaysRefresh":false,"showFog":true,"showSkybox":false,"showFlares":true,"showImageEffects":true,"showParticleSystems":true,"showVisualEffectGraphs":true,"m_FxEnabled":true},"in2DMode":false,"pivot":{"x":-0.8485288619995117,"y":-0.36182594299316409,"z":1.4720141887664796},"rotation":{"x":0.037997107952833179,"y":0.48588308691978457,"z":-0.021149368956685067,"w":0.872944176197052},"size":0.18683145940303803,"orthographic":false}